<?xml version="1.0" encoding="windows-1252"?>
<UMLProfile profiletype="uml2">
	<Documentation id="F4DF5E2D-4" name="Enterprise Toolbox" version="5.01" alias="Enterprise Architecture" notes="Elements for Enterprise Architecture diagrams"/>
	<Content>
		<Stereotypes>
			<Stereotype name="Business Elements" alias="Business" notes="" bgcolor="-1" fontcolor="-1" bordercolor="-1" borderwidth="-1" hideicon="0">
				<AppliesTo>
					<Apply type="ToolboxPage">
						<Property name="isActive" value=""/>
					</Apply>
				</AppliesTo>
				<TaggedValues>
					<Tag name="Business::Business Process(UML::Activity)" type="int" description="" unit="" values="" default="Process"/>
					<Tag name="Business::Business Actor(UML::Class)" type="int" description="" unit="" values="" default="Actor"/>
					<Tag name="Business::Business Collaboration(UML::Class)" type="int" description="" unit="" values="" default="Collaboration"/>
					<Tag name="Business::Business Contract(UML::Class)" type="int" description="" unit="" values="" default="Contract"/>
					<Tag name="Business::Business Event(UML::Activity)" type="int" description="" unit="" values="" default="Event"/>
					<Tag name="Business::Business Function(UML::Activity)" type="int" description="" unit="" values="" default="Function"/>
					<Tag name="Business::Business Interaction(UML::Activity)" type="int" description="" unit="" values="" default="Interaction"/>
					<Tag name="Business::Business Interface(UML::Interface)" type="int" description="" unit="" values="" default="Interface"/>
					<Tag name="Business::Business Meaning(UML::Class)" type="int" description="" unit="" values="" default="Meaning"/>
					<Tag name="Business::Business Object(UML::Class)" type="int" description="" unit="" values="" default="Object"/>
					<Tag name="Business::Business Product(UML::Class)" type="int" description="" unit="" values="" default="Product"/>
					<Tag name="Business::Business Representation(UML::Class)" type="int" description="" unit="" values="" default="Representation"/>
					<Tag name="Business::Business Role(UML::Class)" type="int" description="" unit="" values="" default="Role"/>
					<Tag name="Business::Business Service(UML::Activity)" type="int" description="" unit="" values="" default="Service"/>
					<Tag name="Business::Business Value(UML::Class)" type="int" description="" unit="" values="" default="Value"/>
					<Tag name="Business::Whole Value(UML::Boundary)" type="int" description="" unit="" values="" default="Whole Value"/>
				</TaggedValues>
			</Stereotype>
			<Stereotype name="Application Elements" alias="Application" notes="Elements for ArchiMate Application Diagrams" bgcolor="-1" fontcolor="-1" bordercolor="-1" borderwidth="-1" hideicon="0">
				<AppliesTo>
					<Apply type="ToolboxPage">
						<Property name="isActive" value=""/>
					</Apply>
				</AppliesTo>
				<TaggedValues>
					<Tag name="Application::Application Collaboration(UML::Class)" type="int" description="" unit="" values="" default="Collaboration"/>
					<Tag name="Application::Application Component(UML::Component)" type="int" description="" unit="" values="" default="Component"/>
					<Tag name="Application::Application Function(UML::Activity)" type="int" description="" unit="" values="" default="Function"/>
					<Tag name="Application::Application Interaction(UML::Activity)" type="int" description="" unit="" values="" default="Interaction"/>
					<Tag name="Application::Application Interface(UML::Interface)" type="int" description="" unit="" values="" default="Interface"/>
					<Tag name="Application::Application Service(UML::Activity)" type="int" description="" unit="" values="" default="Service"/>
					<Tag name="Application::Application Process(UML::Activity)" type="int" description="" unit="" values="" default="Process"/>
					<Tag name="Application::Data Object(UML::Class)" type="int" description="" unit="" values="" default="Data Object"/>
					<Tag name="Application::Application Event(UML::Activity)" type="int" description="" unit="" values="" default="Event"/>
				</TaggedValues>
			</Stereotype>
			<Stereotype name="Technology Elements" alias="Infrastructure" notes="" bgcolor="-1" fontcolor="-1" bordercolor="-1" borderwidth="-1" hideicon="0">
				<AppliesTo>
					<Apply type="ToolboxPage">
						<Property name="isActive" value=""/>
					</Apply>
				</AppliesTo>
				<TaggedValues>
					<Tag name="Technology::Artifact(UML::Class)" type="int" description="" unit="" values="" default="Artifact"/>
					<Tag name="Technology::Communication Path(UML::Class)" type="" description="" unit="" values="" default="Communication Path"/>
					<Tag name="Technology::Device(UML::Class)" type="int" description="" unit="" values="" default="Device"/>
					<Tag name="Technology::Technology Event(UML::Activity)" type="int" description="" unit="" values="" default="Event"/>
					<Tag name="Technology::Technology Function(UML::Activity)" type="int" description="" unit="" values="" default="Function"/>
					<Tag name="Technology::Technology Interaction(UML::Activity)" type="int" description="" unit="" values="" default="Interaction"/>
					<Tag name="Technology::Technology Interface(UML::Interface)" type="int" description="" unit="" values="" default="Interface"/>
					<Tag name="Technology::Network(UML::Class)" type="int" description="" unit="" values="" default="Network"/>
					<Tag name="Technology::Node(UML::Class)" type="int" description="" unit="" values="" default="Node"/>
					<Tag name="Technology::Technology Service(UML::Activity)" type="int" description="" unit="" values="" default="Service"/>
					<Tag name="Technology::System Software(UML::Class)" type="int" description="" unit="" values="" default="System Software"/>
					<Tag name="Technology::Technology Process(UML::Activity)" type="int" description="" unit="" values="" default="Process"/>
					<Tag name="Technology::Technology Collaboration(UML::Activity)" type="int" description="" unit="" values="" default="Collaboration"/>
				</TaggedValues>
			</Stereotype>
			<Stereotype name="Composite Elements" alias="Composite" notes="" bgcolor="-1" fontcolor="-1" bordercolor="-1" borderwidth="-1" hideicon="0">
				<AppliesTo>
					<Apply type="ToolboxPage">
						<Property name="isActive" value=""/>
					</Apply>
				</AppliesTo>
				<TaggedValues>
					<Tag name="Common::Grouping(UML::Component)" type="int" description="" unit="" values="" default="Grouping"/>
					<Tag name="Common::Location(UML::Class)" type="int" description="" unit="" values="" default="Location"/>
				</TaggedValues>
			</Stereotype>
			<Stereotype name="Structural Relationships" alias="Structural Relationships" notes="" bgcolor="-1" fontcolor="-1" bordercolor="-1" borderwidth="-1" hideicon="0">
				<AppliesTo>
					<Apply type="ToolboxPage">
						<Property name="isActive" value=""/>
					</Apply>
				</AppliesTo>
				<TaggedValues>
					<Tag name="Relationships::Aggregation(UML::Aggregation)" type="int" description="" unit="" values="" default="Aggregation"/>
					<Tag name="Relationships::Assignment(UML::Association)" type="int" description="" unit="" values="" default="Assignment"/>
					<Tag name="Relationships::Composition(UML::Composition)" type="int" description="" unit="" values="" default="Composition"/>
					<Tag name="Relationships::Realization(UML::Dependency)" type="int" description="" unit="" values="" default="Realization"/>
				</TaggedValues>
			</Stereotype>
			<Stereotype name="Dependency Relationships" alias="Dependency Relationships" notes="" bgcolor="-1" fontcolor="-1" bordercolor="-1" borderwidth="-1" hideicon="0">
				<AppliesTo>
					<Apply type="ToolboxPage">
						<Property name="isActive" value=""/>
					</Apply>
				</AppliesTo>
				<TaggedValues>
					<Tag name="Relationships::Access(UML::Dependency)" type="int" description="" unit="" values="" default="Access"/>
					<Tag name="Relationships::Influence(UML::ControlFlow)" type="int" description="" unit="" values="" default="Influence"/>
					<Tag name="Relationships::Serving(UML::Dependency)" type="int" description="" unit="" values="" default="Serving"/>
				</TaggedValues>
			</Stereotype>
			<Stereotype name="Dynamic Relationships" alias="Dynamic Relationships" notes="" bgcolor="-1" fontcolor="-1" bordercolor="-1" borderwidth="-1" hideicon="0">
				<AppliesTo>
					<Apply type="ToolboxPage">
						<Property name="isActive" value=""/>
					</Apply>
				</AppliesTo>
				<TaggedValues>
					<Tag name="Relationships::Flow(UML::ControlFlow)" type="int" description="" unit="" values="" default="Flow"/>
					<Tag name="Relationships::Triggering(UML::ControlFlow)" type="int" description="" unit="" values="" default="Triggering"/>
				</TaggedValues>
			</Stereotype>
			<Stereotype name="Other Relationships" alias="Other Relationships" notes="" bgcolor="-1" fontcolor="-1" bordercolor="-1" borderwidth="-1" hideicon="0">
				<AppliesTo>
					<Apply type="ToolboxPage">
						<Property name="isActive" value=""/>
					</Apply>
				</AppliesTo>
				<TaggedValues>
					<Tag name="Relationships::Association(UML::Association)" type="int" description="" unit="" values="" default="Association"/>
					<Tag name="Relationships::Specialization(UML::Generalization)" type="int" description="" unit="" values="" default="Specialization"/>
					<Tag name="Relationships::OR Junction(UML::Decision)" type="int" description="" unit="" values="" default="OR Junction"/>
					<Tag name="Relationships::Junction(UML::Decision)" type="int" description="" unit="" values="" default="Junction"/>
				</TaggedValues>
			</Stereotype>
		</Stereotypes>
		<TaggedValueTypes/>
	</Content>
</UMLProfile>
