<?xml version="1.0" encoding="windows-1252"?>
<UMLProfile profiletype="uml2">
	<Documentation id="7A3F0573-E" name="Enterprise Architecture Diagrams" version="V7.01" notes="Enterprise Architecture Diagrams"/>
	<Content>
		<Stereotypes>
			<Stereotype name="Application Diagram" notes="" bgcolor="-1" fontcolor="-1" bordercolor="-1" borderwidth="-1" hideicon="0">
				<AppliesTo>
					<Apply type="Diagram_Logical">
						<Property name="alias" value="Application Diagram"/>
						<Property name="diagramID" value="Application Diagram"/>
						<Property name="toolbox" value="Application Toolbox"/>
					</Apply>
				</AppliesTo>
				<TaggedValues>
					<Tag name="type" type="enumeration" description="" unit="" values="Business,Technical" default=""/>
				</TaggedValues>
			</Stereotype>
			<Stereotype name="Business Diagram" notes="" bgcolor="-1" fontcolor="-1" bordercolor="-1" borderwidth="-1" hideicon="0">
				<AppliesTo>
					<Apply type="Diagram_Logical">
						<Property name="alias" value="Business Diagram"/>
						<Property name="diagramID" value="Business Diagram"/>
						<Property name="toolbox" value="Business Toolbox"/>
					</Apply>
				</AppliesTo>
				<TaggedValues>
					<Tag name="type" type="enumeration" description="" unit="" values="Business,Technical" default=""/>
				</TaggedValues>
			</Stereotype>
			<Stereotype name="Data Diagram" notes="" bgcolor="-1" fontcolor="-1" bordercolor="-1" borderwidth="-1" hideicon="0">
				<AppliesTo>
					<Apply type="Diagram_Logical">
						<Property name="alias" value="Data Diagram"/>
						<Property name="diagramID" value="Data Diagram"/>
						<Property name="toolbox" value="UML::Class"/>
					</Apply>
				</AppliesTo>
				<TaggedValues>
					<Tag name="type" type="enumeration" description="" unit="" values="Business,Technical" default=""/>
				</TaggedValues>
			</Stereotype>
			<Stereotype name="Governance Diagram" notes="" bgcolor="-1" fontcolor="-1" bordercolor="-1" borderwidth="-1" hideicon="0">
				<AppliesTo>
					<Apply type="Diagram_Logical">
						<Property name="alias" value="Governance Diagram"/>
						<Property name="diagramID" value="Governance Diagram"/>
						<Property name="toolbox" value="Governance Toolbox"/>
					</Apply>
				</AppliesTo>
				<TaggedValues>
					<Tag name="type" type="enumeration" description="" unit="" values="Business,Technical" default=""/>
				</TaggedValues>
			</Stereotype>
			<Stereotype name="Implementation Diagram" notes="" bgcolor="-1" fontcolor="-1" bordercolor="-1" borderwidth="-1" hideicon="0">
				<AppliesTo>
					<Apply type="Diagram_Logical">
						<Property name="alias" value="Implementation Diagram"/>
						<Property name="diagramID" value="Implementation Diagram"/>
						<Property name="toolbox" value="Implementation Toolbox"/>
					</Apply>
				</AppliesTo>
				<TaggedValues>
					<Tag name="type" type="enumeration" description="" unit="" values="Business,Technical" default=""/>
				</TaggedValues>
			</Stereotype>
			<Stereotype name="Layered Diagram" notes="" bgcolor="-1" fontcolor="-1" bordercolor="-1" borderwidth="-1" hideicon="0">
				<AppliesTo>
					<Apply type="Diagram_Logical">
						<Property name="alias" value="Layered Diagram"/>
						<Property name="diagramID" value="Layered Diagram"/>
						<Property name="toolbox" value="Layered Toolbox"/>
					</Apply>
				</AppliesTo>
				<TaggedValues>
					<Tag name="type" type="enumeration" description="" unit="" values="Business,Technical" default=""/>
				</TaggedValues>
			</Stereotype>
			<Stereotype name="Motivation Diagram" notes="" bgcolor="-1" fontcolor="-1" bordercolor="-1" borderwidth="-1" hideicon="0">
				<AppliesTo>
					<Apply type="Diagram_Logical">
						<Property name="alias" value="Motivation Diagram"/>
						<Property name="diagramID" value="Motivation Diagram"/>
						<Property name="toolbox" value="Motivation Toolbox"/>
					</Apply>
				</AppliesTo>
				<TaggedValues>
					<Tag name="type" type="enumeration" description="" unit="" values="Business,Technical" default=""/>
				</TaggedValues>
			</Stereotype>
			<Stereotype name="Physical Diagram" notes="Physical Diagram" bgcolor="-1" fontcolor="-1" bordercolor="-1" borderwidth="-1" hideicon="0">
				<AppliesTo>
					<Apply type="Diagram_Logical">
						<Property name="alias" value="Physical Diagram"/>
						<Property name="diagramID" value="Physical Diagram"/>
						<Property name="toolbox" value="Physical Toolbox"/>
					</Apply>
				</AppliesTo>
				<TaggedValues>
					<Tag name="type" type="enumeration" description="" unit="" values="Business,Technical" default=""/>
				</TaggedValues>
			</Stereotype>
			<Stereotype name="Strategy Diagram" notes="Physical Diagram" bgcolor="-1" fontcolor="-1" bordercolor="-1" borderwidth="-1" hideicon="0">
				<AppliesTo>
					<Apply type="Diagram_Logical">
						<Property name="alias" value="Strategy Diagram"/>
						<Property name="diagramID" value="Strategy Diagram"/>
						<Property name="toolbox" value="Strategy Toolbox"/>
					</Apply>
				</AppliesTo>
				<TaggedValues>
					<Tag name="type" type="enumeration" description="" unit="" values="Business,Technical" default=""/>
				</TaggedValues>
			</Stereotype>
			<Stereotype name="Technology Diagram" notes="" bgcolor="-1" fontcolor="-1" bordercolor="-1" borderwidth="-1" hideicon="0">
				<AppliesTo>
					<Apply type="Diagram_Logical">
						<Property name="alias" value="Technology Diagram"/>
						<Property name="diagramID" value="Technology Diagram"/>
						<Property name="toolbox" value="Technology Toolbox"/>
					</Apply>
				</AppliesTo>
				<TaggedValues>
					<Tag name="type" type="enumeration" description="" unit="" values="Business,Technical" default=""/>
				</TaggedValues>
			</Stereotype>
		</Stereotypes>
		<TaggedValueTypes/>
		<ViewDefinitions/>
		<Metamodel/>
	</Content>
</UMLProfile>
