<?xml version="1.0" encoding="windows-1252"?>
<UMLProfile profiletype="uml2">
	<Documentation id="F5E594DD-6" name="Governance Toolbox" version="5.02" alias="Governance " notes="Elements for Governance diagrams"/>
	<Content>
		<Stereotypes>
			<Stereotype name="Governance Elements" alias="Governance" notes="" cx="367" cy="101" bgcolor="-1" fontcolor="-1" bordercolor="-1" borderwidth="-1" hideicon="0">
				<AppliesTo>
					<Apply type="ToolboxPage">
						<Property name="isActive" value=""/>
					</Apply>
				</AppliesTo>
				<TaggedValues>
					<Tag name="Motivation::Debt(UML::Issue)" type="int" description="" unit="" values="" default="Debt"/>
					<Tag name="Motivation::Decision(UML::Class)" type="int" description="" unit="" values="" default="Decision"/>
					<Tag name="Motivation::Principle(UML::Class)" type="int" description="" unit="" values="" default="Principle"/>
					<Tag name="Motivation::Requirement(UML::Class)" type="int" description="" unit="" values="" default="Requirement"/>
					<Tag name="Motivation::Standard(UML::Class)" type="int" description="" unit="" values="" default="Standard"/>
				</TaggedValues>
			</Stereotype>
			<Stereotype name="Additional Charts" alias="Additional Charts" notes="" cx="297" cy="75" bgcolor="-1" fontcolor="-1" bordercolor="-1" borderwidth="-1" hideicon="0">
				<AppliesTo>
					<Apply type="ToolboxPage">
						<Property name="isActive" value=""/>
					</Apply>
				</AppliesTo>
				<TaggedValues>
					<Tag name="Common:: RadarChart(UML::Boundary)" type="int" description="" unit="" values="" default="Radar Chart"/>
					<Tag name="Common::TrafficLight(UML::Boundary)" type="int" description="" unit="" values="" default="Traffic Lights"/>
					<Tag name="isCollapsed" type="Boolean" description="" unit="" values="True,False" default="true"/>
				</TaggedValues>
			</Stereotype>
			<Stereotype name="Structural Relationships" alias="Structural Relationships" notes="" cx="339" cy="98" bgcolor="-1" fontcolor="-1" bordercolor="-1" borderwidth="-1" hideicon="0">
				<AppliesTo>
					<Apply type="ToolboxPage">
						<Property name="isActive" value=""/>
					</Apply>
				</AppliesTo>
				<TaggedValues>
					<Tag name="Relationships::Aggregation(UML::Aggregation)" type="int" description="" unit="" values="" default="Aggregation"/>
					<Tag name="Relationships::Assignment(UML::Association)" type="int" description="" unit="" values="" default="Assignment"/>
					<Tag name="Relationships::Composition(UML::Composition)" type="int" description="" unit="" values="" default="Composition"/>
					<Tag name="Relationships::Realization(UML::Dependency)" type="int" description="" unit="" values="" default="Realization"/>
				</TaggedValues>
			</Stereotype>
			<Stereotype name="Dependency Relationships" alias="Dependency Relationships" notes="" cx="317" cy="99" bgcolor="-1" fontcolor="-1" bordercolor="-1" borderwidth="-1" hideicon="0">
				<AppliesTo>
					<Apply type="ToolboxPage">
						<Property name="isActive" value=""/>
					</Apply>
				</AppliesTo>
				<TaggedValues>
					<Tag name="Relationships::Access(UML::Dependency)" type="int" description="" unit="" values="" default="Access"/>
					<Tag name="Relationships::Influence(UML::Association)" type="int" description="" unit="" values="" default="Influence"/>
					<Tag name="Relationships::Serving(UML::Dependency)" type="int" description="" unit="" values="" default="Serving"/>
				</TaggedValues>
			</Stereotype>
			<Stereotype name="Dynamic Relationships" alias="Dynamic Relationships" notes="" cx="320" cy="95" bgcolor="-1" fontcolor="-1" bordercolor="-1" borderwidth="-1" hideicon="0">
				<AppliesTo>
					<Apply type="ToolboxPage">
						<Property name="isActive" value=""/>
					</Apply>
				</AppliesTo>
				<TaggedValues>
					<Tag name="Relationships::Flow(UML::ControlFlow)" type="int" description="" unit="" values="" default="Flow"/>
					<Tag name="Relationships::Triggering(UML::ControlFlow)" type="int" description="" unit="" values="" default="Triggering"/>
				</TaggedValues>
			</Stereotype>
			<Stereotype name="Other Relationships" alias="Other Relationships" notes="" cx="369" cy="91" bgcolor="-1" fontcolor="-1" bordercolor="-1" borderwidth="-1" hideicon="0">
				<AppliesTo>
					<Apply type="ToolboxPage">
						<Property name="isActive" value=""/>
					</Apply>
				</AppliesTo>
				<TaggedValues>
					<Tag name="Relationships::Junction(UML::Decision)" type="int" description="" unit="" values="" default="Junction"/>
					<Tag name="Relationships::Association(UML::Association)" type="int" description="" unit="" values="" default="Association"/>
					<Tag name="Relationships::Specialization(UML::Generalization)" type="int" description="" unit="" values="" default="Specialization"/>
				</TaggedValues>
			</Stereotype>
		</Stereotypes>
		<TaggedValueTypes/>
	</Content>
</UMLProfile>
