<?xml version="1.0" encoding="windows-1252"?>
<UMLProfile profiletype="uml2">
	<Documentation id="BC9E9D39-A" name="Motivation Toolbox" version="6.03" alias="Motivation" notes="Elements for Motivation diagrams"/>
	<Content>
		<Stereotypes>
			<Stereotype name="Strategy Elements" alias="Strategy Elements" notes="Strategy elements" bgcolor="-1" fontcolor="-1" bordercolor="-1" borderwidth="-1" hideicon="0">
				<AppliesTo>
					<Apply type="ToolboxPage">
						<Property name="isActive" value=""/>
					</Apply>
				</AppliesTo>
				<TaggedValues>
					<Tag name="Strategy::Capability(UML::Package)" type="int" description="" unit="" values="" default="Capability"/>
					<Tag name="Strategy::Course Of Action(UML::Activity)" type="int" description="" unit="" values="" default="Course of Action"/>
					<Tag name="Strategy::Resource(UML::Class)" type="int" description="" unit="" values="" default="Resource"/>
				</TaggedValues>
			</Stereotype>
			<Stereotype name="Motivation Elements" alias="Motivation" notes="" bgcolor="-1" fontcolor="-1" bordercolor="-1" borderwidth="-1" hideicon="0">
				<AppliesTo>
					<Apply type="ToolboxPage">
						<Property name="isActive" value=""/>
					</Apply>
				</AppliesTo>
				<TaggedValues>
					<Tag name="Motivation::Assessment(UML::Class)" type="int" description="" unit="" values="" default="Assessment"/>
					<Tag name="Motivation::Benefit(UML::Class)" type="int" description="" unit="" values="" default="Benefit"/>
					<Tag name="Motivation::Constraint(UML::Class)" type="int" description="" unit="" values="" default="Constraint"/>
					<Tag name="Motivation::Driver(UML::Class)" type="int" description="" unit="" values="" default="Driver"/>
					<Tag name="Motivation::Goal(UML::Class)" type="int" description="" unit="" values="" default="Goal"/>
					<Tag name="Motivation::Meaning(UML::Class)" type="int" description="" unit="" values="" default="Meaning"/>
					<Tag name="Motivation::Principle(UML::Class)" type="int" description="" unit="" values="" default="Principle"/>
					<Tag name="Motivation::Requirement(UML::Class)" type="int" description="" unit="" values="" default="Requirement"/>
					<Tag name="Motivation::Stakeholder(UML::Class)" type="int" description="" unit="" values="" default="Stakeholder"/>
					<Tag name="Motivation::Standard(UML::Class)" type="int" description="" unit="" values="" default="Standard"/>
					<Tag name="Motivation::Outcome(UML::Class)" type="int" description="" unit="" values="" default="Outcome"/>
					<Tag name="Motivation::Measure(UML::Class)" type="int" description="" unit="" values="" default="Measure"/>
					<Tag name="Motivation::Value(UML::Class)" type="int" description="" unit="" values="" default="Value"/>
				</TaggedValues>
			</Stereotype>
			<Stereotype name="Structural Relationships" alias="Structural Relationships" notes="" bgcolor="-1" fontcolor="-1" bordercolor="-1" borderwidth="-1" hideicon="0">
				<AppliesTo>
					<Apply type="ToolboxPage">
						<Property name="isActive" value=""/>
					</Apply>
				</AppliesTo>
				<TaggedValues>
					<Tag name="Relationships::Aggregation(UML::Aggregation)" type="int" description="" unit="" values="" default="Aggregation"/>
					<Tag name="Relationships::Assignment(UML::Association)" type="int" description="" unit="" values="" default="Assignment"/>
					<Tag name="Relationships::Composition(UML::Composition)" type="int" description="" unit="" values="" default="Composition"/>
					<Tag name="Relationships::Realization(UML::Dependency)" type="int" description="" unit="" values="" default="Realization"/>
				</TaggedValues>
			</Stereotype>
			<Stereotype name="Dependency Relationships" alias="Dependency Relationships" notes="" bgcolor="-1" fontcolor="-1" bordercolor="-1" borderwidth="-1" hideicon="0">
				<AppliesTo>
					<Apply type="ToolboxPage">
						<Property name="isActive" value=""/>
					</Apply>
				</AppliesTo>
				<TaggedValues>
					<Tag name="Relationships::Access(UML::Dependency)" type="int" description="" unit="" values="" default="Access"/>
					<Tag name="Relationships::Influence(UML::Association)" type="int" description="" unit="" values="" default="Influence"/>
					<Tag name="Relationships::Serving(UML::Dependency)" type="int" description="" unit="" values="" default="Serving"/>
				</TaggedValues>
			</Stereotype>
			<Stereotype name="Dynamic Relationships" alias="Dynamic Relationships" notes="" bgcolor="-1" fontcolor="-1" bordercolor="-1" borderwidth="-1" hideicon="0">
				<AppliesTo>
					<Apply type="ToolboxPage">
						<Property name="isActive" value=""/>
					</Apply>
				</AppliesTo>
				<TaggedValues>
					<Tag name="Relationships::Flow(UML::ControlFlow)" type="int" description="" unit="" values="" default="Flow"/>
					<Tag name="Relationships::Triggering(UML::ControlFlow)" type="int" description="" unit="" values="" default="Triggering"/>
				</TaggedValues>
			</Stereotype>
			<Stereotype name="Other Relationships" alias="Other Relationships" notes="" bgcolor="-1" fontcolor="-1" bordercolor="-1" borderwidth="-1" hideicon="0">
				<AppliesTo>
					<Apply type="ToolboxPage">
						<Property name="isActive" value=""/>
					</Apply>
				</AppliesTo>
				<TaggedValues>
					<Tag name="Relationships::Junction(UML::Decision)" type="int" description="" unit="" values="" default="Junction"/>
					<Tag name="Relationships::Association(UML::Association)" type="int" description="" unit="" values="" default="Association"/>
					<Tag name="Relationships::Specialization(UML::Generalization)" type="int" description="" unit="" values="" default="Specialization"/>
				</TaggedValues>
			</Stereotype>
		</Stereotypes>
		<TaggedValueTypes/>
		<ViewDefinitions/>
		<Metamodel/>
	</Content>
</UMLProfile>
