<?xml version="1.0" encoding="windows-1252"?>
<UMLProfile profiletype="uml2">
	<Documentation id="AE72C15E-6" name="Strategy Toolbox" version="6.02" alias="Strategy" notes="Elements for Strategy diagrams"/>
	<Content>
		<Stereotypes>
			<Stereotype name="Strategy Elements" alias="Strategy Elements" notes="Strategy elements" bgcolor="-1" fontcolor="-1" bordercolor="-1" borderwidth="2" hideicon="0">
				<AppliesTo>
					<Apply type="ToolboxPage">
						<Property name="isActive" value=""/>
					</Apply>
				</AppliesTo>
				<TaggedValues>
					<Tag name="Strategy::Capability(UML::Package)" type="int" description="" unit="" values="" default="Capability"/>
					<Tag name="Strategy::Course Of Action(UML::Activity)" type="int" description="" unit="" values="" default="Course of Action"/>
					<Tag name="Strategy::Resource(UML::Class)" type="int" description="" unit="" values="" default="Resource"/>
				</TaggedValues>
			</Stereotype>
			<Stereotype name="Additional Shapes" alias="Additional Shapes" notes="" bgcolor="-1" fontcolor="-1" bordercolor="-1" borderwidth="2" hideicon="0">
				<AppliesTo>
					<Apply type="ToolboxPage">
						<Property name="isActive" value=""/>
					</Apply>
				</AppliesTo>
				<TaggedValues>
					<Tag name="Common::ArrowDown(UML::Boundary)" type="int" description="" unit="" values="" default="Down Arrow"/>
					<Tag name="Common::ArrowRight(UML::Boundary)" type="int" description="" unit="" values="" default="Right Arrow"/>
					<Tag name="Common::ArrowLeft(UML::Boundary)" type="int" description="" unit="" values="" default="Left Arrow"/>
					<Tag name="Common::ArrowsHorizontal(UML::Boundary)" type="int" description="" unit="" values="" default="Horizontal Arrows"/>
					<Tag name="Common::ArrowsVertical(UML::Boundary)" type="int" description="" unit="" values="" default="Vertical Arrows"/>
					<Tag name="Common::ArrowUp(UML::Boundary)" type="int" description="" unit="" values="" default="Up Arrow"/>
					<Tag name="Common::Circle(UML::Boundary)" type="int" description="" unit="" values="" default="Circle"/>
					<Tag name="Common::Diamond(UML::Boundary)" type="int" description="" unit="" values="" default="Diamond"/>
					<Tag name="Common::Triangle(UML::Boundary)" type="int" description="" unit="" values="" default="Triangle"/>
					<Tag name="isCollapsed" type="Boolean" description="" unit="" values="True,False" default="true"/>
					<Tag name="Common::Trapezoid(UML::Boundary)" type="int" description="" unit="" values="" default="Trapezoid"/>
					<Tag name="Common::Parallelogram(UML::Boundary)" type="int" description="" unit="" values="" default="Parallelogram"/>
				</TaggedValues>
			</Stereotype>
			<Stereotype name="Additional Charts" alias="Additional Charts" notes="" bgcolor="-1" fontcolor="-1" bordercolor="-1" borderwidth="-1" hideicon="0">
				<AppliesTo>
					<Apply type="ToolboxPage">
						<Property name="isActive" value=""/>
					</Apply>
				</AppliesTo>
				<TaggedValues>
					<Tag name="Common:: RadarChart(UML::Boundary)" type="int" description="" unit="" values="" default="Radar Chart"/>
					<Tag name="Common::TrafficLight(UML::Boundary)" type="int" description="" unit="" values="" default="Traffic Lights"/>
					<Tag name="isCollapsed" type="Boolean" description="" unit="" values="True,False" default="true"/>
				</TaggedValues>
			</Stereotype>
			<Stereotype name="Composite Elements" alias="Composite" notes="" bgcolor="-1" fontcolor="-1" bordercolor="-1" borderwidth="-1" hideicon="0">
				<AppliesTo>
					<Apply type="ToolboxPage">
						<Property name="isActive" value=""/>
					</Apply>
				</AppliesTo>
				<TaggedValues>
					<Tag name="Common::Grouping(UML::Component)" type="int" description="" unit="" values="" default="Grouping"/>
					<Tag name="Common::Location(UML::Class)" type="int" description="" unit="" values="" default="Location"/>
				</TaggedValues>
			</Stereotype>
			<Stereotype name="Structural Relationships" alias="Structural Relationships" notes="" bgcolor="-1" fontcolor="-1" bordercolor="-1" borderwidth="-1" hideicon="0">
				<AppliesTo>
					<Apply type="ToolboxPage">
						<Property name="isActive" value=""/>
					</Apply>
				</AppliesTo>
				<TaggedValues>
					<Tag name="Relationships::Aggregation(UML::Aggregation)" type="int" description="" unit="" values="" default="Aggregation"/>
					<Tag name="Relationships::Assignment(UML::Association)" type="int" description="" unit="" values="" default="Assignment"/>
					<Tag name="Relationships::Composition(UML::Composition)" type="int" description="" unit="" values="" default="Composition"/>
					<Tag name="Relationships::Realization(UML::Dependency)" type="int" description="" unit="" values="" default="Realization"/>
				</TaggedValues>
			</Stereotype>
			<Stereotype name="Dependency Relationships" alias="Dependency Relationships" notes="" bgcolor="-1" fontcolor="-1" bordercolor="-1" borderwidth="-1" hideicon="0">
				<AppliesTo>
					<Apply type="ToolboxPage">
						<Property name="isActive" value=""/>
					</Apply>
				</AppliesTo>
				<TaggedValues>
					<Tag name="Relationships::Access(UML::Dependency)" type="int" description="" unit="" values="" default="Access"/>
					<Tag name="Relationships::Influence(UML::Association)" type="int" description="" unit="" values="" default="Influence"/>
					<Tag name="Relationships::Serving(UML::Dependency)" type="int" description="" unit="" values="" default="Serving"/>
				</TaggedValues>
			</Stereotype>
			<Stereotype name="Dynamic Relationships" alias="Dynamic Relationships" notes="" bgcolor="-1" fontcolor="-1" bordercolor="-1" borderwidth="-1" hideicon="0">
				<AppliesTo>
					<Apply type="ToolboxPage">
						<Property name="isActive" value=""/>
					</Apply>
				</AppliesTo>
				<TaggedValues>
					<Tag name="Relationships::Flow(UML::ControlFlow)" type="int" description="" unit="" values="" default="Flow"/>
					<Tag name="Relationships::Triggering(UML::ControlFlow)" type="int" description="" unit="" values="" default="Triggering"/>
				</TaggedValues>
			</Stereotype>
			<Stereotype name="Other Relationships" alias="Other Relationships" notes="" bgcolor="-1" fontcolor="-1" bordercolor="-1" borderwidth="-1" hideicon="0">
				<AppliesTo>
					<Apply type="ToolboxPage">
						<Property name="isActive" value=""/>
					</Apply>
				</AppliesTo>
				<TaggedValues>
					<Tag name="Relationships::Junction(UML::Decision)" type="int" description="" unit="" values="" default="Junction"/>
					<Tag name="Relationships::Association(UML::Association)" type="int" description="" unit="" values="" default="Association"/>
					<Tag name="Relationships::Specialization(UML::Generalization)" type="int" description="" unit="" values="" default="Specialization"/>
				</TaggedValues>
			</Stereotype>
		</Stereotypes>
		<TaggedValueTypes/>
		<ViewDefinitions/>
		<Metamodel/>
	</Content>
</UMLProfile>
