<?xml version="1.0" encoding="windows-1252"?>
<RefData version="1.0" exporter="EA.25">
	<DataSet name="Tagged Value Types" table="t_propertytypes" filter="Property='#Property#'">
		<DataRow>
			<Column name="Property" value="Commissioned Date"/>
			<Column name="Description" value="Date when first commisioned"/>
			<Column name="Notes" value="Type=Date;&#xA;BaseStereotype=Class;"/>
		</DataRow>
		<DataRow>
			<Column name="Property" value="Date"/>
			<Column name="Description" value="Date"/>
			<Column name="Notes" value="Type=Date;&#xA;BaseStereotype=Class;"/>
		</DataRow>
		<DataRow>
			<Column name="Property" value="Date Approved"/>
			<Column name="Description" value="Date on which approval was given"/>
			<Column name="Notes" value="Type=Date;&#xA;BaseStereotype=Class;"/>
		</DataRow>
		<DataRow>
			<Column name="Property" value="Date of Last DR Test"/>
			<Column name="Description" value="Last date of DR test"/>
			<Column name="Notes" value="Type=Date;&#xA;BaseStereotype=Class;"/>
		</DataRow>
		<DataRow>
			<Column name="Property" value="End of Extended Support Date"/>
			<Column name="Description" value="Date"/>
			<Column name="Notes" value="Type=Date;&#xA;BaseStereotype=Class;"/>
		</DataRow>
		<DataRow>
			<Column name="Property" value="End of Life Date"/>
			<Column name="Description" value="End of Life Date"/>
			<Column name="Notes" value="Type=Date;&#xA;BaseStereotype=Class;"/>
		</DataRow>
		<DataRow>
			<Column name="Property" value="End of Support Date"/>
			<Column name="Description" value="Date"/>
			<Column name="Notes" value="Type=Date;&#xA;BaseStereotype=Class;"/>
		</DataRow>
		<DataRow>
			<Column name="Property" value="Identifier"/>
			<Column name="Description" value="Unique identifier for type"/>
			<Column name="Notes" value="Type=Integer;&#xA;&#xA;"/>
		</DataRow>
		<DataRow>
			<Column name="Property" value="Initial Install"/>
			<Column name="Description" value="date initially installed"/>
			<Column name="Notes" value="Type=Date;&#xA;BaseStereotype=Class;"/>
		</DataRow>
		<DataRow>
			<Column name="Property" value="Last Review Date"/>
			<Column name="Description" value="Date"/>
			<Column name="Notes" value="Type=Date;&#xA;BaseStereotype=Class;"/>
		</DataRow>
		<DataRow>
			<Column name="Property" value="Last Upgrade"/>
			<Column name="Description" value="date of last upgrade"/>
			<Column name="Notes" value="Type=Date;&#xA;BaseStereotype=Class;"/>
		</DataRow>
		<DataRow>
			<Column name="Property" value="Next Review Date"/>
			<Column name="Description" value="Date"/>
			<Column name="Notes" value="Type=Date;&#xA;BaseStereotype=Class;"/>
		</DataRow>
		<DataRow>
			<Column name="Property" value="Owner"/>
			<Column name="Description" value="Single business actor"/>
			<Column name="Notes" value="Type=RefGUID;&#xA;Values=Class;&#xA;Stereotypes=Business Actor;"/>
		</DataRow>
		<DataRow>
			<Column name="Property" value="Progress"/>
			<Column name="Description" value="Shows Progress"/>
			<Column name="Notes" value="Type=ProgressBar;"/>
		</DataRow>
		<DataRow>
			<Column name="Property" value="Retire Date"/>
			<Column name="Description" value="Date"/>
			<Column name="Notes" value="Type=Date;&#xA;BaseStereotype=Class;"/>
		</DataRow>
		<DataRow>
			<Column name="Property" value="Stakeholders"/>
			<Column name="Description" value="List of stakeholders"/>
			<Column name="Notes" value="Type=RefGUIDList;&#xA;Values=Class;&#xA;Stereotypes=Business Actor;"/>
		</DataRow>
		<DataRow>
			<Column name="Property" value="Total Cost of Ownership"/>
			<Column name="Description" value="Cost of ownership"/>
			<Column name="Notes" value="Type=Integer;&#xA;Default=0;&#xA;&#xA;"/>
		</DataRow>
		<DataRow>
			<Column name="Property" value="Users"/>
			<Column name="Description" value="List of business actors"/>
			<Column name="Notes" value="Type=RefGUIDList;&#xA;Values=Class;&#xA;Stereotypes=BusinessActor;"/>
		</DataRow>
		<DataRow>
			<Column name="Property" value="Start Date"/>
			<Column name="Description" value="The start date"/>
			<Column name="Notes" value="Type=Date;&#xA;BaseStereotype=Class;"/>
		</DataRow>
		<DataRow>
			<Column name="Property" value="End Date"/>
			<Column name="Description" value="The end date"/>
			<Column name="Notes" value="Type=Date;&#xA;BaseStereotype=Class;"/>
		</DataRow>
		<DataRow>
			<Column name="Property" value="Operating Times"/>
			<Column name="Description" value="Normal operating Times of application"/>
			<Column name="Notes" value="Type=Custom;&#xA;Mask=DD DD    DD DD  CCC    CCC;&#xA;Template=__:__ to __:__, ___ to ___;"/>
		</DataRow>
		<DataRow>
			<Column name="Property" value="Change Window"/>
			<Column name="Description" value="Agreed times a system can be taken down and change"/>
			<Column name="Notes" value="Type=Custom;&#xA;Mask=DD DD    DD DD  CCC    CCC;&#xA;Template=__:__ to __:__, ___ to ___;"/>
		</DataRow>
		<DataRow>
			<Column name="Property" value="Support Documentation"/>
			<Column name="Description" value="url to support documentation"/>
			<Column name="Notes" value="Type=URL;"/>
		</DataRow>
	</DataSet>
</RefData>
